"";"";"";"";"*loc_mitterand";""
"1";"*loc_mitterand";"0.0745056286798818";"-0.0216210575611686";"1.59162045594578";"3"
